address,street,city,zip
933 Pinecrest Drive,Pinecrest Drive,Delaware,43001
736 Elm Road,Elm Road,Delaware,43002
647 Oak Avenue,Oak Avenue,Delaware,43003
744 Pinecrest Drive,Pinecrest Drive,Delaware,43009
115 Oak Avenue,Oak Avenue,Delaware,43002
600 Oak Avenue,Oak Avenue,Delaware,43006
942 Main Street,Main Street,Delaware,43007
56 Forest Lane,Forest Lane,Delaware,43004
481 Oak Avenue,Oak Avenue,Delaware,43002
138 Oak Avenue,Oak Avenue,Delaware,43005
804 Elm Road,Elm Road,Delaware,43008
372 Liberty Lane,Liberty Lane,Delaware,43007
662 Troy Road,Troy Road,Delaware,43006
552 Troy Road,Troy Road,Delaware,43008
371 Liberty Lane,Liberty Lane,Delaware,43001
354 Maple Drive,Maple Drive,Delaware,43008
432 Pinecrest Drive,Pinecrest Drive,Delaware,43008
618 Pine Avenue,Pine Avenue,Delaware,43006
352 Washington Boulevard,Washington Boulevard,Delaware,43003
267 Maple Drive,Maple Drive,Delaware,43003
213 Forest Lane,Forest Lane,Delaware,43003
866 Elm Road,Elm Road,Delaware,43005
838 Pinecrest Drive,Pinecrest Drive,Delaware,43003
896 Troy Road,Troy Road,Delaware,43006
751 Pine Avenue,Pine Avenue,Delaware,43007
57 Troy Road,Troy Road,Delaware,43006
858 Washington Boulevard,Washington Boulevard,Delaware,43003
474 Washington Boulevard,Washington Boulevard,Delaware,43001
373 Maple Drive,Maple Drive,Delaware,43008
191 Troy Road,Troy Road,Delaware,43007
367 Washington Boulevard,Washington Boulevard,Delaware,43002
242 Washington Boulevard,Washington Boulevard,Delaware,43005
97 Liberty Lane,Liberty Lane,Delaware,43005
232 Maple Drive,Maple Drive,Delaware,43001
742 Troy Road,Troy Road,Delaware,43002
153 Liberty Lane,Liberty Lane,Delaware,43009
954 Main Street,Main Street,Delaware,43006
880 Main Street,Main Street,Delaware,43005
554 Forest Lane,Forest Lane,Delaware,43005
197 Main Street,Main Street,Delaware,43004
949 Troy Road,Troy Road,Delaware,43001
567 Elm Road,Elm Road,Delaware,43005
391 Maple Drive,Maple Drive,Delaware,43003
223 Elm Road,Elm Road,Delaware,43005
934 Forest Lane,Forest Lane,Delaware,43009
238 Pine Avenue,Pine Avenue,Delaware,43009
299 Maple Drive,Maple Drive,Delaware,43003
879 Maple Drive,Maple Drive,Delaware,43004
630 Washington Boulevard,Washington Boulevard,Delaware,43006
56 Elm Road,Elm Road,Delaware,43005
1 Maple Drive,Maple Drive,Delaware,43001
71 Pinecrest Drive,Pinecrest Drive,Delaware,43006
86 Pinecrest Drive,Pinecrest Drive,Delaware,43005
251 Washington Boulevard,Washington Boulevard,Delaware,43004
517 Maple Drive,Maple Drive,Delaware,43008
262 Forest Lane,Forest Lane,Delaware,43004
216 Pinecrest Drive,Pinecrest Drive,Delaware,43004
55 Forest Lane,Forest Lane,Delaware,43006
274 Forest Lane,Forest Lane,Delaware,43004
531 Forest Lane,Forest Lane,Delaware,43002
360 Washington Boulevard,Washington Boulevard,Delaware,43004
155 Pinecrest Drive,Pinecrest Drive,Delaware,43001
416 Oak Avenue,Oak Avenue,Delaware,43001
439 Washington Boulevard,Washington Boulevard,Delaware,43006
271 Pinecrest Drive,Pinecrest Drive,Delaware,43008
635 Maple Drive,Maple Drive,Delaware,43005
662 Liberty Lane,Liberty Lane,Delaware,43003
7 Forest Lane,Forest Lane,Delaware,43007
561 Pine Avenue,Pine Avenue,Delaware,43006
760 Maple Drive,Maple Drive,Delaware,43002
602 Troy Road,Troy Road,Delaware,43004
974 Pinecrest Drive,Pinecrest Drive,Delaware,43001
119 Pine Avenue,Pine Avenue,Delaware,43002
675 Forest Lane,Forest Lane,Delaware,43007
886 Main Street,Main Street,Delaware,43004
922 Troy Road,Troy Road,Delaware,43005
590 Washington Boulevard,Washington Boulevard,Delaware,43008
1 Pine Avenue,Pine Avenue,Delaware,43006
204 Main Street,Main Street,Delaware,43004
206 Pinecrest Drive,Pinecrest Drive,Delaware,43004
609 Pine Avenue,Pine Avenue,Delaware,43001
97 Oak Avenue,Oak Avenue,Delaware,43007
443 Washington Boulevard,Washington Boulevard,Delaware,43007
757 Liberty Lane,Liberty Lane,Delaware,43007
954 Elm Road,Elm Road,Delaware,43001
470 Liberty Lane,Liberty Lane,Delaware,43006
510 Oak Avenue,Oak Avenue,Delaware,43003
961 Main Street,Main Street,Delaware,43004
556 Maple Drive,Maple Drive,Delaware,43007
800 Main Street,Main Street,Delaware,43005
433 Elm Road,Elm Road,Delaware,43008
516 Pine Avenue,Pine Avenue,Delaware,43004
185 Pine Avenue,Pine Avenue,Delaware,43006
867 Elm Road,Elm Road,Delaware,43005
377 Troy Road,Troy Road,Delaware,43003
502 Pinecrest Drive,Pinecrest Drive,Delaware,43003
106 Main Street,Main Street,Delaware,43007
600 Troy Road,Troy Road,Delaware,43006
351 Oak Avenue,Oak Avenue,Delaware,43002
218 Forest Lane,Forest Lane,Delaware,43008
